movie,lead
The Shawshank Redemption,Tim Robbins
The Godfather,Marlon Brando
The Dark Knight,Christian Bale
The Godfather: Part II,Al Pacino
12 Angry Men,Henry Fonda
The Lord of the Rings: The Return of the King,Elijah Wood
Pulp Fiction,John Travolta
Schindler's List,Liam Neeson
Inception,Leonardo DiCaprio
Fight Club,Brad Pitt
The Lord of the Rings: The Fellowship of the Ring,Elijah Wood
Forrest Gump,Tom Hanks
"Il buono, il brutto, il cattivo",Clint Eastwood
The Lord of the Rings: The Two Towers,Elijah Wood
The Matrix,Lilly Wachowski
Goodfellas,Robert De Niro
Star Wars: Episode V - The Empire Strikes Back,Mark Hamill
One Flew Over the Cuckoo's Nest,Jack Nicholson
Hamilton,Lin-Manuel Miranda
Gisaengchung,Kang-ho Song
Soorarai Pottru,Suriya
Interstellar,Matthew McConaughey
Cidade de Deus,Kátia Lund
Sen to Chihiro no kamikakushi,Daveigh Chase
Saving Private Ryan,Tom Hanks
The Green Mile,Tom Hanks
La vita è bella,Roberto Benigni
Se7en,Morgan Freeman
The Silence of the Lambs,Jodie Foster
Star Wars,Mark Hamill
Seppuku,Tatsuya Nakadai
Shichinin no samurai,Toshirô Mifune
It's a Wonderful Life,James Stewart
Joker,Joaquin Phoenix
Whiplash,Miles Teller
The Intouchables,Éric Toledano
The Prestige,Christian Bale
The Departed,Leonardo DiCaprio
The Pianist,Adrien Brody
Gladiator,Russell Crowe
American History X,Edward Norton
The Usual Suspects,Kevin Spacey
Léon,Jean Reno
The Lion King,Rob Minkoff
Terminator 2: Judgment Day,Arnold Schwarzenegger
Nuovo Cinema Paradiso,Philippe Noiret
Hotaru no haka,Tsutomu Tatsumi
Back to the Future,Michael J. Fox
Once Upon a Time in the West,Henry Fonda
Psycho,Anthony Perkins
Casablanca,Humphrey Bogart
Modern Times,Charles Chaplin
City Lights,Charles Chaplin
Capharnaüm,Zain Al Rafeea
Ayla: The Daughter of War,Erdem Can
Vikram Vedha,Pushkar
Kimi no na wa.,Ryûnosuke Kamiki
Dangal,Aamir Khan
Spider-Man: Into the Spider-Verse,Peter Ramsey
Avengers: Endgame,Joe Russo
Avengers: Infinity War,Joe Russo
Coco,Adrian Molina
Django Unchained,Jamie Foxx
The Dark Knight Rises,Christian Bale
3 Idiots,Aamir Khan
Taare Zameen Par,Amole Gupte
WALL·E,Ben Burtt
The Lives of Others,Ulrich Mühe
Oldeuboi,Choi Min-sik
Memento,Guy Pearce
Mononoke-hime,Yôji Matsuda
Once Upon a Time in America,Robert De Niro
Raiders of the Lost Ark,Harrison Ford
The Shining,Jack Nicholson
Apocalypse Now,Martin Sheen
Alien,Sigourney Weaver
Anand,Rajesh Khanna
Tengoku to jigoku,Toshirô Mifune
Dr. Strangelove or: How I Learned to Stop Worrying and Love the Bomb,Peter Sellers
Witness for the Prosecution,Tyrone Power
Paths of Glory,Kirk Douglas
Rear Window,James Stewart
Sunset Blvd.,William Holden
The Great Dictator,Charles Chaplin
1917,Dean-Charles Chapman
Tumbbad,Anand Gandhi
Andhadhun,Ayushmann Khurrana
Drishyam,Mohanlal
Jagten,Mads Mikkelsen
Jodaeiye Nader az Simin,Payman Maadi
Incendies,Lubna Azabal
Miracle in cell NO.7,Aras Bulut Iynemli
Babam ve Oglum,Çetin Tekindor
Inglourious Basterds,Brad Pitt
Eternal Sunshine of the Spotless Mind,Jim Carrey
Amélie,Audrey Tautou
Snatch,Jason Statham
Requiem for a Dream,Ellen Burstyn
American Beauty,Kevin Spacey
Good Will Hunting,Robin Williams
Bacheha-Ye aseman,Mohammad Amir Naji
Toy Story,Tom Hanks
Braveheart,Mel Gibson
Reservoir Dogs,Harvey Keitel
Full Metal Jacket,Matthew Modine
Idi i smotri,Aleksey Kravchenko
Aliens,Sigourney Weaver
Amadeus,F. Murray Abraham
Scarface,Al Pacino
Star Wars: Episode VI - Return of the Jedi,Mark Hamill
Das Boot,Jürgen Prochnow
Taxi Driver,Robert De Niro
The Sting,Paul Newman
A Clockwork Orange,Malcolm McDowell
2001: A Space Odyssey,Keir Dullea
Per qualche dollaro in più,Clint Eastwood
Lawrence of Arabia,Peter O'Toole
The Apartment,Jack Lemmon
North by Northwest,Cary Grant
Vertigo,James Stewart
Singin' in the Rain,Gene Kelly
Ikiru,Takashi Shimura
Ladri di biciclette,Lamberto Maggiorani
Double Indemnity,Fred MacMurray
Citizen Kane,Orson Welles
M - Eine Stadt sucht einen Mörder,Peter Lorre
Metropolis,Brigitte Helm
The Kid,Charles Chaplin
Chhichhore,Sushant Singh Rajput
Uri: The Surgical Strike,Vicky Kaushal
K.G.F: Chapter 1,Yash
Green Book,Viggo Mortensen
"Three Billboards Outside Ebbing, Missouri",Frances McDormand
Talvar,Irrfan Khan
Baahubali 2: The Conclusion,Prabhas
Klaus,Carlos Martínez López
Drishyam,Ajay Devgn
Queen,Kangana Ranaut
Mandariinid,Lembit Ulfsak
Bhaag Milkha Bhaag,Farhan Akhtar
Gangs of Wasseypur,Manoj Bajpayee
Udaan,Rajat Barmecha
Paan Singh Tomar,Irrfan Khan
El secreto de sus ojos,Ricardo Darín
Warrior,Tom Hardy
Shutter Island,Leonardo DiCaprio
Up,Bob Peterson
The Wolf of Wall Street,Leonardo DiCaprio
Chak De! India,Shah Rukh Khan
There Will Be Blood,Daniel Day-Lewis
Pan's Labyrinth,Ivana Baquero
Toy Story 3,Tom Hanks
V for Vendetta,Hugo Weaving
Rang De Basanti,Aamir Khan
Black,Amitabh Bachchan
Batman Begins,Christian Bale
"Swades: We, the People",Shah Rukh Khan
Der Untergang,Bruno Ganz
Hauru no ugoku shiro,Chieko Baishô
A Beautiful Mind,Russell Crowe
Hera Pheri,Akshay Kumar
"Lock, Stock and Two Smoking Barrels",Jason Flemyng
L.A. Confidential,Kevin Spacey
Eskiya,Sener Sen
Heat,Al Pacino
Casino,Robert De Niro
Andaz Apna Apna,Aamir Khan
Unforgiven,Clint Eastwood
Indiana Jones and the Last Crusade,Harrison Ford
Dom za vesanje,Davor Dujmovic
Tonari no Totoro,Hitoshi Takagi
Die Hard,Bruce Willis
Ran,Tatsuya Nakadai
Raging Bull,Robert De Niro
Stalker,Alisa Freyndlikh
Höstsonaten,Ingrid Bergman
The Message,Anthony Quinn
Sholay,Sanjeev Kumar
Monty Python and the Holy Grail,Terry Jones
The Great Escape,Steve McQueen
To Kill a Mockingbird,Gregory Peck
Yôjinbô,Toshirô Mifune
Judgment at Nuremberg,Spencer Tracy
Some Like It Hot,Marilyn Monroe
Smultronstället,Victor Sjöström
Det sjunde inseglet,Max von Sydow
Du rififi chez les hommes,Jean Servais
Dial M for Murder,Ray Milland
Tôkyô monogatari,Chishû Ryû
Rashômon,Toshirô Mifune
All About Eve,Bette Davis
The Treasure of the Sierra Madre,Humphrey Bogart
To Be or Not to Be,Carole Lombard
The Gold Rush,Charles Chaplin
Sherlock Jr.,Buster Keaton
Portrait de la jeune fille en feu,Noémie Merlant
Pink,Taapsee Pannu
Koe no katachi,Miyu Irino
Contratiempo,Mario Casas
Ah-ga-ssi,Kim Min-hee
Mommy,Anne Dorval
Haider,Shahid Kapoor
Logan,Hugh Jackman
Room,Brie Larson
Relatos salvajes,Darío Grandinetti
Soul,Kemp Powers
Kis Uykusu,Haluk Bilginer
PK,Aamir Khan
OMG: Oh My God!,Paresh Rawal
The Grand Budapest Hotel,Ralph Fiennes
Gone Girl,Ben Affleck
Ôkami kodomo no Ame to Yuki,Aoi Miyazaki
Hacksaw Ridge,Andrew Garfield
Inside Out,Ronnie Del Carmen
Barfi!,Ranbir Kapoor
12 Years a Slave,Chiwetel Ejiofor
Rush,Daniel Brühl
Ford v Ferrari,Matt Damon
Spotlight,Mark Ruffalo
Song of the Sea,David Rawle
Kahaani,Vidya Balan
Zindagi Na Milegi Dobara,Hrithik Roshan
Prisoners,Hugh Jackman
Mad Max: Fury Road,Tom Hardy
A Wednesday,Anupam Kher
Gran Torino,Clint Eastwood
Harry Potter and the Deathly Hallows: Part 2,Daniel Radcliffe
Okuribito,Masahiro Motoki
Hachi: A Dog's Tale,Richard Gere
Mary and Max,Toni Collette
How to Train Your Dragon,Chris Sanders
Into the Wild,Emile Hirsch
No Country for Old Men,Joel Coen
Lage Raho Munna Bhai,Sanjay Dutt
Million Dollar Baby,Hilary Swank
Hotel Rwanda,Don Cheadle
Taegukgi hwinalrimyeo,Jang Dong-Gun
Before Sunset,Ethan Hawke
Munna Bhai M.B.B.S.,Sanjay Dutt
Salinui chueok,Kang-ho Song
Dil Chahta Hai,Aamir Khan
Kill Bill: Vol. 1,Uma Thurman
Finding Nemo,Lee Unkrich
Catch Me If You Can,Leonardo DiCaprio
Amores perros,Emilio Echevarría
"Monsters, Inc.",David Silverman
"Shin seiki Evangelion Gekijô-ban: Air/Magokoro wo, kimi ni",Kazuya Tsurumaki
Lagaan: Once Upon a Time in India,Aamir Khan
The Sixth Sense,Bruce Willis
La leggenda del pianista sull'oceano,Tim Roth
The Truman Show,Jim Carrey
"Crna macka, beli macor",Bajram Severdzan
The Big Lebowski,Ethan Coen
Fa yeung nin wah,Tony Chiu-Wai Leung
Trainspotting,Ewan McGregor
Fargo,Ethan Coen
Underground,Predrag 'Miki' Manojlovic
La haine,Vincent Cassel
Dilwale Dulhania Le Jayenge,Shah Rukh Khan
Before Sunrise,Ethan Hawke
Trois couleurs: Rouge,Irène Jacob
Chung Hing sam lam,Brigitte Lin
Jurassic Park,Sam Neill
In the Name of the Father,Daniel Day-Lewis
Ba wang bie ji,Leslie Cheung
Dà hóng denglong gaogao guà,Gong Li
Dead Poets Society,Robin Williams
Stand by Me,Wil Wheaton
Platoon,Charlie Sheen
"Paris, Texas",Harry Dean Stanton
Kaze no tani no Naushika,Sumi Shimamoto
The Thing,Kurt Russell
Pink Floyd: The Wall,Bob Geldof
Fitzcarraldo,Klaus Kinski
Fanny och Alexander,Bertil Guve
Blade Runner,Harrison Ford
The Elephant Man,Anthony Hopkins
Life of Brian,Graham Chapman
The Deer Hunter,Robert De Niro
Rocky,Sylvester Stallone
Network,Faye Dunaway
Barry Lyndon,Ryan O'Neal
Zerkalo,Margarita Terekhova
Chinatown,Jack Nicholson
Paper Moon,Ryan O'Neal
Viskningar och rop,Harriet Andersson
Solaris,Natalya Bondarchuk
Le samouraï,Alain Delon
Cool Hand Luke,Paul Newman
Persona,Bibi Andersson
Andrei Rublev,Anatoliy Solonitsyn
La battaglia di Algeri,Brahim Hadjadj
El ángel exterminador,Silvia Pinal
What Ever Happened to Baby Jane?,Bette Davis
Sanjuro,Toshirô Mifune
The Man Who Shot Liberty Valance,James Stewart
Ivanovo detstvo,Eduard Abalov
Jungfrukällan,Max von Sydow
Inherit the Wind,Spencer Tracy
Les quatre cents coups,Jean-Pierre Léaud
Ben-Hur,Charlton Heston
Kakushi-toride no san-akunin,Toshirô Mifune
Le notti di Cabiria,Giulietta Masina
Kumonosu-jô,Toshirô Mifune
The Bridge on the River Kwai,William Holden
On the Waterfront,Marlon Brando
Le salaire de la peur,Yves Montand
Ace in the Hole,Kirk Douglas
White Heat,James Cagney
The Third Man,Orson Welles
The Red Shoes,Emeric Pressburger
The Shop Around the Corner,Margaret Sullavan
Rebecca,Laurence Olivier
Mr. Smith Goes to Washington,James Stewart
Gone with the Wind,George Cukor
La Grande Illusion,Jean Gabin
It Happened One Night,Clark Gable
La passion de Jeanne d'Arc,Maria Falconetti
The Circus,Charles Chaplin
Sunrise: A Song of Two Humans,George O'Brien
The General,Buster Keaton
Das Cabinet des Dr. Caligari,Werner Krauss
Badhaai ho,Ayushmann Khurrana
Togo,Willem Dafoe
Airlift,Akshay Kumar
Bajrangi Bhaijaan,Salman Khan
Baby,Akshay Kumar
La La Land,Ryan Gosling
Lion,Dev Patel
The Martian,Matt Damon
Zootopia,Rich Moore
Bãhubali: The Beginning,Prabhas
Kaguyahime no monogatari,Chloë Grace Moretz
Wonder,Jacob Tremblay
Gully Boy,Vijay Varma
Special Chabbis,Akshay Kumar
Short Term 12,Brie Larson
Serbuan maut 2: Berandal,Iko Uwais
The Imitation Game,Benedict Cumberbatch
Guardians of the Galaxy,Chris Pratt
Blade Runner 2049,Harrison Ford
Her,Joaquin Phoenix
Bohemian Rhapsody,Rami Malek
The Revenant,Leonardo DiCaprio
The Perks of Being a Wallflower,Logan Lerman
Tropa de Elite 2: O Inimigo Agora é Outro,Wagner Moura
The King's Speech,Colin Firth
The Help,Emma Stone
Deadpool,Ryan Reynolds
Darbareye Elly,Golshifteh Farahani
Dev.D,Abhay Deol
Yip Man,Donnie Yen
My Name Is Khan,Shah Rukh Khan
Nefes: Vatan Sagolsun,Erdem Can
Slumdog Millionaire,Loveleen Tandan
Black Swan,Natalie Portman
Tropa de Elite,Wagner Moura
The Avengers,Robert Downey Jr.
Persepolis,Marjane Satrapi
Dallas Buyers Club,Matthew McConaughey
The Pursuit of Happyness,Will Smith
Blood Diamond,Leonardo DiCaprio
The Bourne Ultimatum,Matt Damon
Bin-jip,Seung-Yun Lee
Sin City,Quentin Tarantino
Le scaphandre et le papillon,Laura Obiols
G.O.R.A.,Cem Yilmaz
Ratatouille,Jan Pinkava
Casino Royale,Daniel Craig
Kill Bill: Vol. 2,Uma Thurman
Vozvrashchenie,Vladimir Garin
Bom Yeoareum Gaeul Gyeoul Geurigo Bom,Ki-duk Kim
Mar adentro,Javier Bardem
Cinderella Man,Russell Crowe
Kal Ho Naa Ho,Preity Zinta
Mou gaan dou,Alan Mak
Pirates of the Caribbean: The Curse of the Black Pearl,Johnny Depp
Big Fish,Ewan McGregor
The Incredibles,Craig T. Nelson
Yeopgijeogin geunyeo,Tae-Hyun Cha
Dogville,Nicole Kidman
Vizontele,Ömer Faruk Sorak
Donnie Darko,Jake Gyllenhaal
Magnolia,Tom Cruise
Dancer in the Dark,Björk
The Straight Story,Richard Farnsworth
Pâfekuto burû,Junko Iwao
Festen,Ulrich Thomsen
Central do Brasil,Fernanda Montenegro
The Iron Giant,Eli Marienthal
Knockin' on Heaven's Door,Til Schweiger
Sling Blade,Billy Bob Thornton
Secrets & Lies,Timothy Spall
Twelve Monkeys,Bruce Willis
Kôkaku Kidôtai,Atsuko Tanaka
The Nightmare Before Christmas,Danny Elfman
Groundhog Day,Bill Murray
Bound by Honor,Damian Chapa
Scent of a Woman,Al Pacino
Aladdin,John Musker
JFK,Kevin Costner
Beauty and the Beast,Kirk Wise
Dances with Wolves,Kevin Costner
Do the Right Thing,Danny Aiello
Rain Man,Dustin Hoffman
Akira,Mitsuo Iwata
The Princess Bride,Cary Elwes
Der Himmel über Berlin,Bruno Ganz
Au revoir les enfants,Gaspard Manesse
Tenkû no shiro Rapyuta,Mayumi Tanaka
The Terminator,Arnold Schwarzenegger
Gandhi,Ben Kingsley
Kagemusha,Tatsuya Nakadai
Being There,Peter Sellers
Annie Hall,Woody Allen
Jaws,Roy Scheider
Dog Day Afternoon,Al Pacino
Young Frankenstein,Gene Wilder
Papillon,Steve McQueen
The Exorcist,Ellen Burstyn
Sleuth,Laurence Olivier
The Last Picture Show,Timothy Bottoms
Fiddler on the Roof,Topol
Il conformista,Jean-Louis Trintignant
Butch Cassidy and the Sundance Kid,Paul Newman
Rosemary's Baby,Mia Farrow
Planet of the Apes,Charlton Heston
The Graduate,Dustin Hoffman
Who's Afraid of Virginia Woolf?,Elizabeth Taylor
The Sound of Music,Julie Andrews
Doctor Zhivago,Omar Sharif
Per un pugno di dollari,Clint Eastwood
8½,Marcello Mastroianni
Vivre sa vie: Film en douze tableaux,Anna Karina
The Hustler,Paul Newman
La dolce vita,Marcello Mastroianni
Rio Bravo,John Wayne
Anatomy of a Murder,James Stewart
Touch of Evil,Charlton Heston
Cat on a Hot Tin Roof,Elizabeth Taylor
Sweet Smell of Success,Burt Lancaster
The Killing,Sterling Hayden
The Night of the Hunter,Robert Mitchum
La Strada,Anthony Quinn
Les diaboliques,Simone Signoret
Stalag 17,William Holden
Roman Holiday,Gregory Peck
A Streetcar Named Desire,Vivien Leigh
In a Lonely Place,Humphrey Bogart
Kind Hearts and Coronets,Dennis Price
Rope,James Stewart
Out of the Past,Robert Mitchum
Brief Encounter,Celia Johnson
Laura,Gene Tierney
The Best Years of Our Lives,Myrna Loy
Arsenic and Old Lace,Cary Grant
The Maltese Falcon,Humphrey Bogart
The Grapes of Wrath,Henry Fonda
The Wizard of Oz,George Cukor
La règle du jeu,Marcel Dalio
The Thin Man,William Powell
All Quiet on the Western Front,Lew Ayres
Bronenosets Potemkin,Aleksandr Antonov
Knives Out,Daniel Craig
Dil Bechara,Sushant Singh Rajput
Manbiki kazoku,Lily Franky
Marriage Story,Adam Driver
Call Me by Your Name,Armie Hammer
"I, Daniel Blake",Laura Obiols
Isle of Dogs,Bryan Cranston
Hunt for the Wilderpeople,Sam Neill
Captain Fantastic,Viggo Mortensen
Sing Street,Ferdia Walsh-Peelo
Thor: Ragnarok,Chris Hemsworth
Nightcrawler,Jake Gyllenhaal
Jojo Rabbit,Roman Griffin Davis
Arrival,Amy Adams
Star Wars: Episode VII - The Force Awakens,Daisy Ridley
Before Midnight,Ethan Hawke
X-Men: Days of Future Past,Patrick Stewart
Bir Zamanlar Anadolu'da,Muhammet Uzuner
The Artist,Jean Dujardin
Edge of Tomorrow,Tom Cruise
Amour,Jean-Louis Trintignant
The Irishman,Robert De Niro
Un prophète,Tahar Rahim
Moon,Sam Rockwell
Låt den rätte komma in,Kåre Hedebrant
District 9,Sharlto Copley
The Wrestler,Mickey Rourke
Jab We Met,Shahid Kapoor
Boyhood,Ellar Coltrane
"4 luni, 3 saptamâni si 2 zile",Anamaria Marinca
Star Trek,Chris Pine
In Bruges,Colin Farrell
The Man from Earth,David Lee Smith
Letters from Iwo Jima,Ken Watanabe
The Fall,Lee Pace
Life of Pi,Suraj Sharma
Fantastic Mr. Fox,George Clooney
C.R.A.Z.Y.,Michel Côté
Les choristes,Gérard Jugnot
Iron Man,Robert Downey Jr.
Shaun of the Dead,Simon Pegg
Gegen die Wand,Birol Ünel
Mystic River,Sean Penn
Harry Potter and the Prisoner of Azkaban,Daniel Radcliffe
Ying xiong,Jet Li
Hable con ella,Rosario Flores
No Man's Land,Branko Djuric
Cowboy Bebop: Tengoku no tobira,Tensai Okamura
The Bourne Identity,Franka Potente
Nueve reinas,Ricardo Darín
Children of Men,Julianne Moore
Almost Famous,Billy Crudup
Mulholland Dr.,Naomi Watts
Toy Story 2,Ash Brannon
Boogie Nights,Mark Wahlberg
Mimi wo sumaseba,Yoko Honna
Once Were Warriors,Rena Owen
True Romance,Christian Slater
Trois couleurs: Bleu,Juliette Binoche
Jûbê ninpûchô,Kôichi Yamadera
Carlito's Way,Al Pacino
Edward Scissorhands,Johnny Depp
My Left Foot: The Story of Christy Brown,Daniel Day-Lewis
Crimes and Misdemeanors,Martin Landau
The Untouchables,Kevin Costner
Hannah and Her Sisters,Mia Farrow
Brazil,Jonathan Pryce
This Is Spinal Tap,Rob Reiner
A Christmas Story,Peter Billingsley
The Blues Brothers,John Belushi
Manhattan,Woody Allen
All That Jazz,Roy Scheider
Dawn of the Dead,David Emge
All the President's Men,Dustin Hoffman
La montaña sagrada,Alejandro Jodorowsky
Amarcord,Magali Noël
Le charme discret de la bourgeoisie,Fernando Rey
"Aguirre, der Zorn Gottes",Klaus Kinski
Harold and Maude,Ruth Gordon
Patton,George C. Scott
The Wild Bunch,William Holden
Night of the Living Dead,Duane Jones
The Lion in Winter,Peter O'Toole
In the Heat of the Night,Sidney Poitier
Charade,Cary Grant
The Manchurian Candidate,Frank Sinatra
Spartacus,Kirk Douglas
L'avventura,Gabriele Ferzetti
Hiroshima mon amour,Emmanuelle Riva
The Ten Commandments,Charlton Heston
The Searchers,John Wayne
East of Eden,James Dean
High Noon,Gary Cooper
Strangers on a Train,Farley Granger
Harvey,James Stewart
Miracle on 34th Street,Edmund Gwenn
Notorious,Cary Grant
The Big Sleep,Humphrey Bogart
The Lost Weekend,Ray Milland
The Philadelphia Story,Cary Grant
His Girl Friday,Cary Grant
The Adventures of Robin Hood,William Keighley
A Night at the Opera,Edmund Goulding
King Kong,Ernest B. Schoedsack
Freaks,Wallace Ford
Nosferatu,Max Schreck
The Gentlemen,Matthew McConaughey
Raazi,Alia Bhatt
Sound of Metal,Riz Ahmed
Forushande,Shahab Hosseini
Dunkirk,Fionn Whitehead
Perfetti sconosciuti,Giuseppe Battiston
Hidden Figures,Taraji P. Henson
Paddington 2,Ben Whishaw
Udta Punjab,Shahid Kapoor
Kubo and the Two Strings,Charlize Theron
M.S. Dhoni: The Untold Story,Sushant Singh Rajput
Manchester by the Sea,Casey Affleck
Under sandet,Roland Møller
Rogue One,Felicity Jones
Captain America: Civil War,Joe Russo
The Hateful Eight,Samuel L. Jackson
Little Women,Saoirse Ronan
Loving Vincent,Hugh Welchman
Pride,Bill Nighy
Le passé,Bérénice Bejo
La grande bellezza,Toni Servillo
The Lunchbox,Irrfan Khan
Vicky Donor,Ayushmann Khurrana
Big Hero 6,Chris Williams
About Time,Domhnall Gleeson
English Vinglish,Sridevi
Kaze tachinu,Hideaki Anno
Toy Story 4,Tom Hanks
La migliore offerta,Geoffrey Rush
Moonrise Kingdom,Jared Gilman
How to Train Your Dragon 2,Jay Baruchel
The Big Short,Christian Bale
Kokuhaku,Takako Matsu
Ang-ma-reul bo-at-da,Lee Byung-Hun
The Girl with the Dragon Tattoo,Daniel Craig
Captain Phillips,Tom Hanks
Ajeossi,Won Bin
Straight Outta Compton,O'Shea Jackson Jr.
Madeo,Hye-ja Kim
Chugyeokja,Kim Yoon-seok
The Hobbit: The Desolation of Smaug,Ian McKellen
Das weiße Band - Eine deutsche Kindergeschichte,Christian Friedel
Män som hatar kvinnor,Michael Nyqvist
The Trial of the Chicago 7,Eddie Redmayne
Druk,Mads Mikkelsen
The Fighter,Mark Wahlberg
Taken,Liam Neeson
The Boy in the Striped Pyjamas,Asa Butterfield
Once,Glen Hansard
The Hobbit: An Unexpected Journey,Martin Freeman
Auf der anderen Seite,Baki Davrak
Atonement,Keira Knightley
Drive,Ryan Gosling
American Gangster,Denzel Washington
Avatar,Sam Worthington
Mr. Nobody,Jared Leto
Apocalypto,Gerardo Taracena
Little Miss Sunshine,Valerie Faris
Hot Fuzz,Simon Pegg
The Curious Case of Benjamin Button,Brad Pitt
Veer-Zaara,Shah Rukh Khan
Adams æbler,Ulrich Thomsen
Pride & Prejudice,Keira Knightley
The World's Fastest Indian,Anthony Hopkins
Tôkyô goddofâzâzu,Shôgo Furuya
Serenity,Nathan Fillion
Walk the Line,Joaquin Phoenix
Ondskan,Andreas Wilson
The Notebook,Gena Rowlands
Diarios de motocicleta,Gael García Bernal
Lilja 4-ever,Oksana Akinshina
Les triplettes de Belleville,Michèle Caucheteux
Gongdong gyeongbi guyeok JSA,Lee Yeong-ae
The Count of Monte Cristo,Jim Caviezel
Waking Life,Ethan Hawke
Remember the Titans,Denzel Washington
Wo hu cang long,Yun-Fat Chow
Todo sobre mi madre,Cecilia Roth
Cast Away,Tom Hanks
The Boondock Saints,Willem Dafoe
The Insider,Russell Crowe
October Sky,Jake Gyllenhaal
Shrek,Vicky Jenson
Titanic,Leonardo DiCaprio
Hana-bi,Takeshi Kitano
Gattaca,Ethan Hawke
The Game,Michael Douglas
Breaking the Waves,Emily Watson
Ed Wood,Johnny Depp
What's Eating Gilbert Grape,Johnny Depp
Tombstone,Kevin Jarre
The Sandlot,Tom Guiry
The Remains of the Day,Anthony Hopkins
Naked,David Thewlis
The Fugitive,Harrison Ford
A Bronx Tale,Robert De Niro
Batman: Mask of the Phantasm,Boyd Kirkland
Lat sau san taam,Yun-Fat Chow
Night on Earth,Winona Ryder
La double vie de Véronique,Irène Jacob
Boyz n the Hood,Cuba Gooding Jr.
Misery,James Caan
Awakenings,Robert De Niro
Majo no takkyûbin,Kirsten Dunst
Glory,Matthew Broderick
Dip huet seung hung,Yun-Fat Chow
Back to the Future Part II,Michael J. Fox
Mississippi Burning,Gene Hackman
Predator,Arnold Schwarzenegger
Evil Dead II,Bruce Campbell
Ferris Bueller's Day Off,Matthew Broderick
Down by Law,Tom Waits
The Goonies,Sean Astin
The Color Purple,Danny Glover
The Breakfast Club,Emilio Estevez
The Killing Fields,Sam Waterston
Ghostbusters,Bill Murray
The Right Stuff,Sam Shepard
The King of Comedy,Robert De Niro
E.T. the Extra-Terrestrial,Henry Thomas
Kramer vs. Kramer,Dustin Hoffman
Days of Heaven,Richard Gere
The Outlaw Josey Wales,Clint Eastwood
The Man Who Would Be King,Sean Connery
The Conversation,Gene Hackman
La planète sauvage,Barry Bostwick
The Day of the Jackal,Edward Fox
Badlands,Martin Sheen
Cabaret,Liza Minnelli
Willy Wonka & the Chocolate Factory,Gene Wilder
Midnight Cowboy,Dustin Hoffman
Wait Until Dark,Audrey Hepburn
Guess Who's Coming to Dinner,Spencer Tracy
Bonnie and Clyde,Warren Beatty
My Fair Lady,Audrey Hepburn
Mary Poppins,Julie Andrews
The Longest Day,Andrew Marton
Jules et Jim,Jeanne Moreau
The Innocents,Deborah Kerr
À bout de souffle,Jean-Paul Belmondo
Red River,Arthur Rosson
Key Largo,Humphrey Bogart
To Have and Have Not,Humphrey Bogart
Shadow of a Doubt,Teresa Wright
Stagecoach,John Wayne
The Lady Vanishes,Margaret Lockwood
Bringing Up Baby,Katharine Hepburn
Bride of Frankenstein,Boris Karloff
Duck Soup,Groucho Marx
Scarface: The Shame of the Nation,Richard Rosson
Frankenstein,Colin Clive
Roma,Yalitza Aparicio
God's Own Country,Josh O'Connor
Deadpool 2,Ryan Reynolds
Wind River,Kelsey Asbille
Get Out,Daniel Kaluuya
Mission: Impossible - Fallout,Tom Cruise
En man som heter Ove,Rolf Lassgård
What We Do in the Shadows,Taika Waititi
Omoide no Mânî,Hiromasa Yonebayashi
The Theory of Everything,Eddie Redmayne
Kingsman: The Secret Service,Colin Firth
The Fault in Our Stars,Shailene Woodley
Me and Earl and the Dying Girl,Thomas Mann
Birdman or (The Unexpected Virtue of Ignorance),Michael Keaton
La vie d'Adèle,Léa Seydoux
Kai po che!,Amit Sadh
The Broken Circle Breakdown,Veerle Baetens
Captain America: The Winter Soldier,Joe Russo
Rockstar,Ranbir Kapoor
Nebraska,Bruce Dern
Wreck-It Ralph,John C. Reilly
Le Petit Prince,Jeff Bridges
Detachment,Adrien Brody
Midnight in Paris,Owen Wilson
The Lego Movie,Phil Lord
Gravity,Sandra Bullock
Star Trek Into Darkness,Chris Pine
Beasts of No Nation,Abraham Attah
The Social Network,Jesse Eisenberg
X: First Class,James McAvoy
The Hangover,Zach Galifianakis
Skyfall,Daniel Craig
Silver Linings Playbook,Bradley Cooper
Argo,Ben Affleck
(500) Days of Summer,Zooey Deschanel
Harry Potter and the Deathly Hallows: Part 1,Daniel Radcliffe
Gake no ue no Ponyo,Cate Blanchett
Frost/Nixon,Frank Langella
Papurika,Megumi Hayashibara
Changeling,Angelina Jolie
Flipped,Madeline Carroll
Toki o kakeru shôjo,Riisa Naka
Death Note: Desu nôto,Tatsuya Fujiwara
This Is England,Thomas Turgoose
Ex Machina,Alicia Vikander
Efter brylluppet,Mads Mikkelsen
The Last King of Scotland,James McAvoy
Zodiac,Jake Gyllenhaal
Lucky Number Slevin,Josh Hartnett
Joyeux Noël,Diane Kruger
Control,Sam Riley
Tangled,Byron Howard
Zwartboek,Carice van Houten
Brokeback Mountain,Jake Gyllenhaal
3:10 to Yuma,Russell Crowe
Crash,Don Cheadle
Kung fu,Stephen Chow
The Bourne Supremacy,Matt Damon
The Machinist,Christian Bale
Ray,Jamie Foxx
Lost in Translation,Bill Murray
Harry Potter and the Goblet of Fire,Daniel Radcliffe
Man on Fire,Denzel Washington
Coraline,Dakota Fanning
The Last Samurai,Tom Cruise
The Magdalene Sisters,Eileen Walsh
Good Bye Lenin!,Daniel Brühl
In America,Paddy Considine
I Am Sam,Sean Penn
Adaptation.,Nicolas Cage
Black Hawk Down,Josh Hartnett
Road to Perdition,Tom Hanks
Das Experiment,Moritz Bleibtreu
Billy Elliot,Jamie Bell
Hedwig and the Angry Inch,John Cameron Mitchell
Ocean's Eleven,George Clooney
Vampire Hunter D: Bloodlust,Andrew Philpot
"O Brother, Where Art Thou?",Ethan Coen
Interstate 60: Episodes of the Road,James Marsden
"South Park: Bigger, Longer & Uncut",Trey Parker
Office Space,Ron Livingston
Happiness,Jane Adams
Training Day,Denzel Washington
Rushmore,Jason Schwartzman
Abre los ojos,Eduardo Noriega
Being John Malkovich,John Cusack
As Good as It Gets,Jack Nicholson
The Fifth Element,Bruce Willis
Le dîner de cons,Thierry Lhermitte
Donnie Brasco,Al Pacino
Shine,Geoffrey Rush
Primal Fear,Richard Gere
Hamlet,Kenneth Branagh
A Little Princess,Liesel Matthews
Do lok tin si,Leon Lai
Il postino,Massimo Troisi
Clerks,Brian O'Halloran
Short Cuts,Andie MacDowell
Philadelphia,Tom Hanks
The Muppet Christmas Carol,Michael Caine
Malcolm X,Denzel Washington
The Last of the Mohicans,Daniel Day-Lewis
Kurenai no buta,Shûichirô Moriyama
Glengarry Glen Ross,Al Pacino
A Few Good Men,Tom Cruise
Fried Green Tomatoes,Kathy Bates
Barton Fink,Ethan Coen
Miller's Crossing,Ethan Coen
Who Framed Roger Rabbit,Bob Hoskins
Spoorloos,Bernard-Pierre Donnadieu
Withnail & I,Richard E. Grant
The Last Emperor,John Lone
Empire of the Sun,Christian Bale
Der Name der Rose,Sean Connery
Blue Velvet,Isabella Rossellini
The Purple Rose of Cairo,Mia Farrow
After Hours,Griffin Dunne
Zelig,Woody Allen
The Verdict,Paul Newman
Star Trek II: The Wrath of Khan,William Shatner
First Blood,Sylvester Stallone
Ordinary People,Donald Sutherland
Airplane!,David Zucker
Rupan sansei: Kariosutoro no shiro,Yasuo Yamada
Halloween,Donald Pleasence
Le locataire,Roman Polanski
Love and Death,Woody Allen
The Taking of Pelham One Two Three,Walter Matthau
Blazing Saddles,Cleavon Little
Serpico,Al Pacino
Enter the Dragon,Bruce Lee
Deliverance,Jon Voight
The French Connection,Gene Hackman
Dirty Harry,Clint Eastwood
Where Eagles Dare,Richard Burton
The Odd Couple,Jack Lemmon
The Dirty Dozen,Lee Marvin
Belle de jour,Catherine Deneuve
A Man for All Seasons,Paul Scofield
Repulsion,Catherine Deneuve
Zulu,Stanley Baker
Goldfinger,Sean Connery
The Birds,Rod Taylor
Cape Fear,Gregory Peck
Peeping Tom,Karlheinz Böhm
The Magnificent Seven,Yul Brynner
Les yeux sans visage,Pierre Brasseur
Invasion of the Body Snatchers,Kevin McCarthy
Rebel Without a Cause,James Dean
The Ladykillers,Alec Guinness
Sabrina,Humphrey Bogart
The Quiet Man,John Wayne
The Day the Earth Stood Still,Michael Rennie
The African Queen,Humphrey Bogart
Gilda,Rita Hayworth
Fantasia,Samuel Armstrong
The Invisible Man,Claude Rains
Dark Waters,Mark Ruffalo
Searching,John Cho
Once Upon a Time... in Hollywood,Leonardo DiCaprio
Nelyubov,Maryana Spivak
The Florida Project,Brooklynn Prince
Just Mercy,Michael B. Jordan
Gifted,Chris Evans
The Peanut Butter Falcon,Michael Schwartz
Victoria,Laia Costa
Mustang,Günes Sensoy
Guardians of the Galaxy Vol. 2,Chris Pratt
Baby Driver,Ansel Elgort
Only the Brave,Josh Brolin
Bridge of Spies,Tom Hanks
Incredibles 2,Craig T. Nelson
Moana,John Musker
Sicario,Emily Blunt
Creed,Michael B. Jordan
Leviafan,Aleksey Serebryakov
Hell or High Water,Chris Pine
Philomena,Judi Dench
Dawn of the Planet of the Apes,Gary Oldman
El cuerpo,Jose Coronado
Serbuan maut,Iko Uwais
End of Watch,Jake Gyllenhaal
Kari-gurashi no Arietti,Amy Poehler
A Star Is Born,Lady Gaga
True Grit,Joel Coen
Hævnen,Mikael Persbrandt
Despicable Me,Chris Renaud
50/50,Joseph Gordon-Levitt
Kick-Ass,Aaron Taylor-Johnson
Celda 211,Luis Tosar
Moneyball,Brad Pitt
La piel que habito,Antonio Banderas
Zombieland,Jesse Eisenberg
Die Welle,Jürgen Vogel
Sherlock Holmes,Robert Downey Jr.
The Blind Side,Quinton Aaron
The Visitor,Richard Jenkins
Seven Pounds,Will Smith
Eastern Promises,Naomi Watts
Stardust,Charlie Cox
The Secret of Kells,Nora Twomey
Inside Man,Denzel Washington
Gone Baby Gone,Morgan Freeman
La Vie En Rose,Marion Cotillard
Huo Yuan Jia,Jet Li
The Illusionist,Edward Norton
Dead Man's Shoes,Paddy Considine
Harry Potter and the Half-Blood Prince,Daniel Radcliffe
300,Gerard Butler
Match Point,Scarlett Johansson
Watchmen,Jackie Earle Haley
Lord of War,Nicolas Cage
Saw,Cary Elwes
"Synecdoche, New York",Philip Seymour Hoffman
Mysterious Skin,Brady Corbet
Jeux d'enfants,Guillaume Canet
Un long dimanche de fiançailles,Audrey Tautou
The Station Agent,Peter Dinklage
21 Grams,Sean Penn
Boksuneun naui geot,Kang-ho Song
Finding Neverland,Johnny Depp
25th Hour,Edward Norton
The Butterfly Effect,J. Mackye Gruber
28 Days Later...,Cillian Murphy
Batoru rowaiaru,Tatsuya Fujiwara
The Royal Tenenbaums,Gene Hackman
Y tu mamá también,Maribel Verdú
Harry Potter and the Sorcerer's Stone,Daniel Radcliffe
The Others,Nicole Kidman
Blow,Johnny Depp
Enemy at the Gates,Jude Law
Minority Report,Tom Cruise
The Hurricane,Denzel Washington
American Psycho,Christian Bale
Lola rennt,Franka Potente
The Thin Red Line,Jim Caviezel
Mulan,Barry Cook
Fear and Loathing in Las Vegas,Johnny Depp
Funny Games,Susanne Lothar
Dark City,Rufus Sewell
Sleepers,Robert De Niro
Lost Highway,Bill Pullman
Sense and Sensibility,Emma Thompson
Die Hard: With a Vengeance,Bruce Willis
Dead Man,Johnny Depp
The Bridges of Madison County,Clint Eastwood
Apollo 13,Tom Hanks
Trois couleurs: Blanc,Zbigniew Zamachowski
Falling Down,Michael Douglas
Dazed and Confused,Jason London
My Cousin Vinny,Joe Pesci
Omohide poro poro,Miki Imai
Delicatessen,Jean-Pierre Jeunet
Home Alone,Macaulay Culkin
The Godfather: Part III,Al Pacino
When Harry Met Sally...,Billy Crystal
The Little Mermaid,John Musker
The Naked Gun: From the Files of Police Squad!,Leslie Nielsen
"Planes, Trains & Automobiles",Steve Martin
Lethal Weapon,Mel Gibson
Blood Simple,Ethan Coen
On Golden Pond,Katharine Hepburn
Mad Max 2,Mel Gibson
The Warriors,Michael Beck
The Muppet Movie,Jim Henson
Escape from Alcatraz,Clint Eastwood
Watership Down,John Hubley
Midnight Express,Brad Davis
Close Encounters of the Third Kind,Richard Dreyfuss
The Long Goodbye,Elliott Gould
Giù la testa,Rod Steiger
Kelly's Heroes,Clint Eastwood
The Jungle Book,Phil Harris
Blowup,David Hemmings
A Hard Day's Night,John Lennon
Breakfast at Tiffany's,Audrey Hepburn
Giant,Elizabeth Taylor
From Here to Eternity,Burt Lancaster
Lifeboat,Tallulah Bankhead
The 39 Steps,Robert Donat
